<?xml version="1.0" encoding="UTF-8"?>
<project-private xmlns="http://www.netbeans.org/ns/project-private/1">
    <editor-bookmarks xmlns="http://www.netbeans.org/ns/editor-bookmarks/2" lastBookmarkId="0"/>
    <open-files xmlns="http://www.netbeans.org/ns/projectui-open-files/2">
        <group>
            <file>file:/D:/New%20folder%20(2)/JuzTrying_1/src/mygame/Kaktus.java</file>
            <file>file:/D:/New%20folder%20(2)/JuzTrying_1/src/mygame/Main.java</file>
            <file>file:/D:/New%20folder%20(2)/JuzTrying_1/src/mygame/Trex.java</file>
            <file>file:/D:/New%20folder%20(2)/JuzTrying_1/src/mygame/Rintangan.java</file>
        </group>
    </open-files>
</project-private>
